{
  "urls": [
    "assets/audio/music.mp3",
    "assets/audio/music.ogg"
  ],
  "sprite": {
    "alt_soundtrack": [
      0,
      132662.10884353743
    ],
    "loop_1": [
      134000,
      16000
    ],
    "loop_2": [
      151000,
      16000
    ],
    "loop_3": [
      168000,
      16000
    ],
    "loop_4": [
      185000,
      16000
    ],
    "loop_5": [
      202000,
      16000
    ],
    "loop_6": [
      219000,
      16000
    ],
    "loop_7": [
      236000,
      16000
    ],
    "music": [
      253000,
      71775.73696145123
    ]
  }
}