{
  "urls": [
    "../../assets/audio/sound.mp3",
    "../../assets/audio/sound.ogg"
  ],
  "sprite": {
    "t1_bullets": [
      0,
      174.30839002267572
    ],
    "t1_granada": [
      2000,
      931.9954648526076
    ],
    "t2_hielo": [
      4000,
      3018.59410430839
    ],
    "t2_laser1": [
      9000,
      482.3809523809519
    ],
    "t2_laser2": [
      11000,
      482.44897959183675
    ],
    "t2_laser3": [
      13000,
      482.6757369614505
    ],
    "t3_pegamento": [
      15000,
      3018.5941043083913
    ],
    "t3_teleport": [
      20000,
      3018.5941043083913
    ],
    "t4_1": [
      25000,
      3018.5941043083913
    ],
    "t4_2": [
      30000,
      539.9773242630381
    ],
    "t4_3": [
      32000,
      3018.5941043083913
    ]
  }
}