{
  "urls": [
    "../../assets/audio/sound.mp3",
    "../../assets/audio/sound.ogg"
  ],
  "sprite": {
    "danger": [
      0,
      1512.0181405895692
    ],
    "menu_emerging": [
      3000,
      783.6734693877552
    ],
    "t1_bullets": [
      5000,
      1071.0204081632658
    ],
    "t1_cannon": [
      8000,
      417.95918367346906
    ],
    "t1_explosion": [
      10000,
      574.6938775510203
    ],
    "t2_hielo": [
      12000,
      768.0045351473925
    ],
    "t2_laser1": [
      14000,
      672.0181405895697
    ],
    "t2_laser2": [
      16000,
      480.00000000000045
    ],
    "t2_laser3": [
      18000,
      731.4285714285732
    ],
    "t2_mine_explosion": [
      20000,
      1032.018140589571
    ],
    "t2_mine_launcher": [
      23000,
      1071.020408163264
    ],
    "t3_missile_launcher": [
      26000,
      1567.3469387755113
    ],
    "t3_pegamento": [
      29000,
      432.01814058956955
    ],
    "t3_teleport": [
      31000,
      1272.018140589566
    ]
  }
}