{
  "urls": [
    "../../assets/audio/sound.mp3",
    "../../assets/audio/sound.ogg"
  ],
  "sprite": {
    "t1_bullets": [
      0,
      1071.0204081632653
    ],
    "t1_cannon": [
      3000,
      417.9591836734695
    ],
    "t1_explosion": [
      5000,
      574.6938775510203
    ],
    "t1_granada": [
      7000,
      931.9954648526076
    ],
    "t2_hielo": [
      9000,
      768.0045351473925
    ],
    "t2_laser1": [
      11000,
      672.0181405895697
    ],
    "t2_laser2": [
      13000,
      480.00000000000045
    ],
    "t2_laser3": [
      15000,
      731.4285714285713
    ],
    "t2_mine_explosion": [
      17000,
      1032.018140589571
    ],
    "t2_mine_launcher": [
      20000,
      1071.020408163264
    ],
    "t3_missile_launcher": [
      23000,
      1567.3469387755113
    ],
    "t3_pegamento": [
      26000,
      653.0612244897966
    ],
    "t3_teleport": [
      28000,
      1272.0181405895694
    ]
  }
}