{
  "urls": [
    "../../assets/audio/sound.mp3",
    "../../assets/audio/sound.ogg"
  ],
  "sprite": {
    "danger": [
      0,
      1512.0181405895692
    ],
    "t1_bullets": [
      3000,
      1071.0204081632658
    ],
    "t1_cannon": [
      6000,
      417.95918367346906
    ],
    "t1_explosion": [
      8000,
      574.6938775510203
    ],
    "t2_hielo": [
      10000,
      768.0045351473925
    ],
    "t2_laser1": [
      12000,
      672.0181405895697
    ],
    "t2_laser2": [
      14000,
      480.00000000000045
    ],
    "t2_laser3": [
      16000,
      731.4285714285732
    ],
    "t2_mine_explosion": [
      18000,
      1032.018140589571
    ],
    "t2_mine_launcher": [
      21000,
      1071.020408163264
    ],
    "t3_missile_launcher": [
      24000,
      1567.3469387755113
    ],
    "t3_pegamento": [
      27000,
      432.01814058956955
    ],
    "t3_teleport": [
      29000,
      1272.0181405895694
    ]
  }
}